sentence,class
Retrieve emails.,find_emails
Locate emails.,find_emails
Compile emails.,find_emails
Search for emails.,find_emails
Acquire emails.,find_emails
Collect emails.,find_emails
Gather emails.,find_emails
Procure emails.,find_emails
Track emails.,find_emails
Uncover emails.,find_emails
Access emails.,find_emails
Trace emails.,find_emails
Find emails.,find_emails
Ascertain emails.,find_emails
Fetch emails.,find_emails
Track down emails.,find_emails
Ferret out emails.,find_emails
Obtain emails.,find_emails
Secure emails.,find_emails
Discover emails.,find_emails
Unearth emails.,find_emails
Procrastinate emails.,find_emails
Receive emails.,find_emails
Scan for emails.,find_emails
Search emails.,find_emails
Gain access to emails.,find_emails
Establish emails.,find_emails
Latch onto emails.,find_emails
Connect with emails.,find_emails
Retrieve contacts via emails.,find_emails
Locate contacts via emails.,find_emails
Compile contacts via emails.,find_emails
Search for contacts via emails.,find_emails
Acquire contacts via emails.,find_emails
Collect contacts via emails.,find_emails
Gather contacts via emails.,find_emails
Procure contacts via emails.,find_emails
Track contacts via emails.,find_emails
Uncover contacts via emails.,find_emails
40  Access contacts via emails.,find_emails
Trace contacts via emails.,find_emails
Find contacts via emails.,find_emails
Ascertain contacts via emails.,find_emails
Fetch contacts via emails.,find_emails
Track down contacts via emails.,find_emails
Ferret out contacts via emails.,find_emails
Obtain contacts via emails.,find_emails
Secure contacts via emails.,find_emails
Discover contacts via emails.,find_emails
Unearth contacts via emails.,find_emails
Procrastinate contacts via emails.,find_emails
Receive contacts via emails.,find_emails
Scan for contacts via emails.,find_emails
Search contacts via emails.,find_emails
Gain access to contacts via emails.,find_emails
Establish contacts via emails.,find_emails
Latch onto contacts via emails.,find_emails
Connect with contacts via emails.,find_emails
Establish an inventory emails.,find_emails
Latch onto an inventory emails.,find_emails
Connect with an inventory emails.,find_emails
Retrieve an inventory emails.,find_emails
Locate an inventory emails.,find_emails
Compile an inventory emails.,find_emails
Search for an inventory emails.,find_emails
Acquire an inventory emails.,find_emails
Collect an inventory emails.,find_emails
Gather an inventory emails.,find_emails
Procure an inventory emails.,find_emails
Track an inventory emails.,find_emails
Uncover an inventory emails.,find_emails
Access an inventory emails.,find_emails
Trace an inventory emails.,find_emails
Find an inventory emails.,find_emails
Ascertain an inventory emails.,find_emails
Fetch an inventory emails.,find_emails
Track down an inventory emails.,find_emails
Ferret out an inventory emails.,find_emails
Obtain an inventory emails.,find_emails
Secure an inventory emails.,find_emails
Discover an inventory emails.,find_emails
Unearth an inventory emails.,find_emails
Procrastinate an inventory emails.,find_emails
Receive an inventory emails.,find_emails
Scan for an inventory emails.,find_emails
Search an inventory emails.,find_emails
Gain access to an inventory emails.,find_emails
Compose an inventory emails.,find_emails
Construct an inventory emails.,find_emails
Generate an inventory emails.,find_emails
Obtain an aggregation emails.,find_emails
Secure an aggregation emails.,find_emails
Discover an aggregation emails.,find_emails
Unearth an aggregation emails.,find_emails
Procrastinate an aggregation emails.,find_emails
Receive an aggregation emails.,find_emails
Scan for an aggregation emails.,find_emails
Search an aggregation emails.,find_emails
Gain access to an aggregation emails.,find_emails
Compose an aggregation emails.,find_emails
Locate emails,find_emails
Search for emails,find_emails
Seek out emails,find_emails
Track down emails,find_emails
Retrieve emails,find_emails
Unearth emails,find_emails
Look up emails,find_emails
Identify emails,find_emails
Obtain emails,find_emails
Secure emails,find_emails
Gather emails,find_emails
Discover emails,find_emails
Procure emails,find_emails
Acquire emails,find_emails
Apprehend emails,find_emails
Uncover emails,find_emails
Fetch emails,find_emails
Hunting Emails,find_emails
Unearth emails,find_emails
Scan for emails,find_emails
Rummage emails,find_emails
Winnow emails,find_emails
Sift through emails,find_emails
Catch emails,find_emails
Disinter emails,find_emails
Dig up emails,find_emails
Get emails,find_emails
Root out emails,find_emails
Unfurl emails,find_emails
Wander for emails,find_emails
Seek emails,find_emails
Espy emails,find_emails
Unmask emails,find_emails
Pinpoint emails,find_emails
Hunt down emails,find_emails
Range for emails,find_emails
Dig emails,find_emails
Stumble on emails,find_emails
Find emails,find_emails
Locate emails,find_emails
Spot emails,find_emails
Apprehend emails,find_emails
Bring to light emails,find_emails
Search emails,find_emails
Collect emails,find_emails
Scout emails,find_emails
Smell out emails,find_emails
Inscribe emails,find_emails
Come across emails,find_emails
Get ahold of emails,find_emails
Reckon emails,find_emails
Distinguish emails,find_emails
Secure emails,find_emails
Despatch emails,find_emails
Trail emails,find_emails
Hare emails,find_emails
Unearth emails,find_emails
Estimate emails,find_emails
Take up emails,find_emails
Snoop emails,find_emails
Track emails,find_emails
Cause emails to appear,find_emails
Scour emails,find_emails
Feel out emails,find_emails
Dredge emails,find_emails
Drill for emails,find_emails
Quest for emails,find_emails
Venture for emails,find_emails
Experience emails,find_emails
Test emails,find_emails
Unearth emails,find_emails
Requisition emails,find_emails
Contrive emails,find_emails
Roam emails,find_emails
Query emails,find_emails
Plumb emails,find_emails
Fabrique emails,find_emails
Reach for emails,find_emails
Venture after emails,find_emails
Scout around for emails,find_emails
Inquire emails,find_emails
Rouse emails,find_emails
Rake emails,find_emails
Garner emails,find_emails
Score emails,find_emails
Woo emails,find_emails
Encounter emails,find_emails
Espial emails,find_emails
Trawl emails,find_emails
Frisk emails,find_emails
Nimble emails,find_emails
Buy into emails,find_emails
Venture after emails,find_emails
Paranomia emails,find_emails
Inspect emails,find_emails
Come at emails,find_emails
Wander emails,find_emails
Make up emails,find_emails
Suffer emails,find_emails
Investigate emails,find_emails
Locate emails,find_emails
Gather emails,find_emails
Collect emails,find_emails
Retrieve emails,find_emails
Access emails,find_emails
Fetch emails,find_emails
Unearth emails,find_emails
Discover emails,find_emails
Snag emails,find_emails
Track down emails,find_emails
Root out emails,find_emails
Acquire emails,find_emails
Identify emails,find_emails
Get emails,find_emails
Dig up emails,find_emails
Sniff out emails,find_emails
Search out emails,find_emails
Fish out emails,find_emails
Come across emails,find_emails
Uncover emails,find_emails
Turn up emails,find_emails
Unearth emails,find_emails
Unveil emails,find_emails
Open up emails,find_emails
Disclose emails,find_emails
Lay bare emails,find_emails
Bringing to light emails,find_emails
Thoroughly investigate emails,find_emails
Probing emails,find_emails
Scan emails,find_emails
Survey emails,find_emails
Inspect emails,find_emails
Consult emails,find_emails
Crack emails,find_emails
Find out emails,find_emails
Descramble emails,find_emails
Clear up emails,find_emails
Make out emails,find_emails
Clarify emails,find_emails
Illumine emails,find_emails
Fill in emails,find_emails
Attend to emails,find_emails
Diligent search emails,find_emails
Seek out emails,find_emails
Snoop around emails,find_emails
Eavesdrop on emails,find_emails
Rummage around emails,find_emails
Look around emails,find_emails
Scour emails,find_emails
Scrutinize emails,find_emails
Pry emails,find_emails
Sniff further emails,find_emails
Track emails,find_emails
Pursue emails,find_emails
Get a scent of emails,find_emails
Catch a glimpse of emails,find_emails
Be apprised of emails,find_emails
Meeting emails,find_emails
Unpuzzle emails,find_emails
Clarify emails,find_emails
Search for emails,find_emails
Scout emails,find_emails
Searcher emails,find_emails
Keep an eye on emails,find_emails
Study emails,find_emails
Peruse emails,find_emails
Inquire after emails,find_emails
Assay emails,find_emails
Make inquiries emails,find_emails
Trace emails,find_emails
Size up emails,find_emails
Sound through emails,find_emails
Phone after emails,find_emails
Call during emails,find_emails
Feel out emails,find_emails
Trace emails,find_emails
Transform emails,find_emails
Get enlightened of emails,find_emails
Investigate emails,find_emails
Cross-examine emails,find_emails
Observe emails,find_emails
Concentrate upon emails,find_emails
Consolidate emails,find_emails
Apprehension emails,find_emails
Distinguish emails,find_emails
Confine emails,find_emails
Enumerate emails,find_emails
Restrict emails,find_emails
Nail down emails,find_emails
Gel emails,find_emails
Dwell upon emails,find_emails
Monitor emails,find_emails
Pace emails,find_emails
Keep track of emails,find_emails
Scour thoroughly emails,find_emails
Turn up in emails,find_emails
Attain emails,find_emails
Secure possession of emails,find_emails
Locate emails,find_emails
Gather emails,find_emails
Collect emails,find_emails
Retrieve emails,find_emails
Access emails,find_emails
Fetch emails,find_emails
Unearth emails,find_emails
Discover emails,find_emails
Snag emails,find_emails
Track down emails,find_emails
Root out emails,find_emails
Acquire emails,find_emails
Identify emails,find_emails
Get emails,find_emails
Dig up emails,find_emails
Sniff out emails,find_emails
Search out emails,find_emails
Fish out emails,find_emails
Come across emails,find_emails
Uncover emails,find_emails
Turn up emails,find_emails
Unearth emails,find_emails
Unveil emails,find_emails
Open up emails,find_emails
Disclose emails,find_emails
Lay bare emails,find_emails
Bringing to light emails,find_emails
Thoroughly investigate emails,find_emails
Probing emails,find_emails
Scan emails,find_emails
Survey emails,find_emails
Inspect emails,find_emails
Consult emails,find_emails
Crack emails,find_emails
Find out emails,find_emails
Descramble emails,find_emails
Clear up emails,find_emails
Make out emails,find_emails
Clarify emails,find_emails
Illumine emails,find_emails
Fill in emails,find_emails
Attend to emails,find_emails
Diligent search emails,find_emails
Seek out emails,find_emails
Snoop around emails,find_emails
Eavesdrop on emails,find_emails
Rummage around emails,find_emails
Look around emails,find_emails
Scour emails,find_emails
Scrutinize emails,find_emails
Pry emails,find_emails
Sniff further emails,find_emails
Track emails,find_emails
Pursue emails,find_emails
Get a scent of emails,find_emails
Catch a glimpse of emails,find_emails
Be apprised of emails,find_emails
Meeting emails,find_emails
Unpuzzle emails,find_emails
Clarify emails,find_emails
Search for emails,find_emails
Scout emails,find_emails
Searcher emails,find_emails
Keep an eye on emails,find_emails
Study emails,find_emails
Peruse emails,find_emails
Inquire after emails,find_emails
Assay emails,find_emails
Make inquiries emails,find_emails
Trace emails,find_emails
Size up emails,find_emails
Sound through emails,find_emails
Phone after emails,find_emails
Call during emails,find_emails
Feel out emails,find_emails
Trace emails,find_emails
Transform emails,find_emails
Get enlightened of emails,find_emails
Investigate emails,find_emails
Cross-examine emails,find_emails
Observe emails,find_emails
Concentrate upon emails,find_emails
Consolidate emails,find_emails
Apprehension emails,find_emails
Distinguish emails,find_emails
Confine emails,find_emails
Enumerate emails,find_emails
Restrict emails,find_emails
Nail down emails,find_emails
Gel emails,find_emails
Dwell upon emails,find_emails
Monitor emails,find_emails
Pace emails,find_emails
Keep track of emails,find_emails
Scour thoroughly emails,find_emails
Turn up in emails,find_emails
Attain emails,find_emails
Secure possession of emails,find_emails
Locate all emails.,find_emails
Seek out any emails that may exist.,find_emails
Obtain the email addresses.,find_emails
Discover all electronic correspondence.,find_emails
Retrieve the emails.,find_emails
Trace the emails.,find_emails
Uncover the emails.,find_emails
Try to identify the emails.,find_emails
Ascertain the email information.,find_emails
Search for the emails.,find_emails
Investigate the emails in question.,find_emails
Unearth the target emails.,find_emails
Catalog the emails.,find_emails
Resolve to unearth all email addresses.,find_emails
Make an effort to ascertain all emails.,find_emails
Utilize all available resources to determine the emails.,find_emails
Carry out the assignment of tracking any emails.,find_emails
Set out to find the emails.,find_emails
Conduct a search to uncover the emails.,find_emails
Engage in the quest for identifying email addresses.,find_emails
Strive to identify the email messages.,find_emails
Combine forces to discover the emails.,find_emails
Aim to discern the emails.,find_emails
Implement an exercise to locate any emails.,find_emails
Launch a search in order to trace emails.,find_emails
Make an effort to reveal all emails.,find_emails
Strive to ascertain the emails.,find_emails
Pursue an initiative to access the emails.,find_emails
Expedite the mission to trace the emails.,find_emails
Resolve to search for emails.,find_emails
Reveal the existence of any emails.,find_emails
Dedicate time to find the emails.,find_emails
Take on the task of locating emails.,find_emails
Endeavor to unearth the emails.,find_emails
Ensure the discovery of the emails.,find_emails
Endorse the venture of ascertaining emails.,find_emails
Engage in the activity of obtaining all emails.,find_emails
Striving to identify the emails.,find_emails
Setting out to acquire the emails.,find_emails
Eagerly pursue the mission to come across the emails.,find_emails
Set before oneself the mission to locate emails.,find_emails
Find the emails through diligent research.,find_emails
Analyze the situation in order to come across emails.,find_emails
Take on the quest to search for emails.,find_emails
Ascertain the emails through extensive investigation.,find_emails
Make a concerted effort to track the emails.,find_emails
Determine all records pertaining to emails.,find_emails
Seek out the emails through comprehensive analysis.,find_emails
Endorse the endeavor of exploring emails.,find_emails
Gauge the current environment to access emails.,find_emails
Go in search of the emails.,find_emails
Embark upon the assignment of revealing the emails.,find_emails
Initiate the examination of the emails.,find_emails
Make the effort to detect all emails.,find_emails
Scrutinize the terrain to gain access to the emails.,find_emails
Explore the region to uncover emails.,find_emails
Determine the emails through a detailed investigation.,find_emails
Integrate resources in order to detect emails.,find_emails
Carry forward the task of discovering emails.,find_emails
Persist in the effort to secure the emails.,find_emails
Bring to bear the resources in tracing emails.,find_emails
Engage in the search to uncover any emails.,find_emails
Investigate in order to locate emails.,find_emails
Examine the information to locate emails.,find_emails
Undertake the mission to reveal the emails.,find_emails
Trace the emails by looking through records.,find_emails
Collect the emails via intensive analysis.,find_emails
Compile the emails through precise investigation.,find_emails
Try to find the emails via research.,find_emails
Start an examination to secure emails.,find_emails
Prosecute the mission to ascertain emails.,find_emails
Analyze the data to acquire the emails.,find_emails
Detect the emails via acquirement.,find_emails
Search for the emails via examination.,find_emails
Regard any emails that may exist.,find_emails
Unveil the emails by means of an extensive search.,find_emails
Gather the emails through a comprehensive lookup.,find_emails
Work towards the goal of tracing any existing emails.,find_emails
Launch a mission to find the emails.,find_emails
Concentrate resources on obtaining the emails.,find_emails
Change direction and target the emails.,find_emails
Make the attempt to detect the emails.,find_emails
Determine any emails through inquiry.,find_emails
Resolve to source all emails.,find_emails
Set out to pinpoint the emails.,find_emails
Search diligently to uncover the emails.,find_emails
Illuminate the existence of any emails.,find_emails
Redouble efforts to find emails.,find_emails
Establish the whereabouts of any emails.,find_emails
Unearth all emails through exploration.,find_emails
Systematically track the emails.,find_emails
Undertake the endeavor to uncover all emails.,find_emails
Verify the emails via thorough analysis.,find_emails
Dedicate resources to finding any emails.,find_emails
Probe the situation in order to find any emails.,find_emails
Work to trace the emails.,find_emails
Invest the necessary time to locate emails.,find_emails
Put forth efforts to secure the emails.,find_emails
Engage in the quest to locate the emails.,find_emails
Employ the resources available to detect all emails.,find_emails
